"","CHROM","POS"
"snp_1590",22,17048696
"snp_1591",22,17049115
"snp_1592",22,17049827
"snp_1593",22,17049907
"snp_1594",22,17050088
"snp_1595",22,17050565
"snp_1596",22,17050605
"snp_1597",22,17050777
"snp_1598",22,17051419
"snp_1599",22,17051775
"snp_1600",22,17052123
"snp_1601",22,17052871
"snp_1602",22,17053547
"snp_1603",22,17054103
"snp_1604",22,17054332
"snp_1605",22,17054720
"snp_1606",22,17054795
"snp_1607",22,17055074
"snp_1608",22,17055458
"snp_1609",22,17055569
"snp_1610",22,17055818
"snp_1611",22,17055841
"snp_1612",22,17055978
"snp_1613",22,17055984
"snp_1614",22,17056038
"snp_1615",22,17056298
"snp_1616",22,17056415
"snp_1618",22,17057138
"snp_1663",22,17071513
"snp_1664",22,17072483
"snp_1665",22,17073066
"snp_1666",22,17073475
"snp_1667",22,17074090
"snp_1668",22,17074104
"snp_1669",22,17074150
"snp_1670",22,17074427
"snp_1671",22,17074622
"snp_1672",22,17074765
"snp_1673",22,17075353
"snp_1674",22,17075467
"snp_1675",22,17075476
"snp_1676",22,17075647
"snp_1677",22,17076273
"snp_1678",22,17076399
"snp_1679",22,17076878
"snp_1680",22,17077901
"snp_1681",22,17077949
"snp_1682",22,17078105
"snp_1683",22,17078853
"snp_1684",22,17079196
"snp_1685",22,17079417
"snp_1686",22,17079469
"snp_1687",22,17079536
"snp_1688",22,17079911
"snp_1689",22,17080190
"snp_1690",22,17080378
"snp_1691",22,17081040
"snp_1692",22,17081763
"snp_1693",22,17083152
"snp_1694",22,17083590
"snp_1695",22,17083747
"snp_1696",22,17084609
"snp_1697",22,17084717
"snp_1698",22,17084762
"snp_1699",22,17085109
"snp_1700",22,17086614
"snp_1814",22,17130402
"snp_1815",22,17130409
"snp_1816",22,17130647
"snp_1817",22,17130657
"snp_1818",22,17131307
"snp_1819",22,17131413
"snp_1820",22,17131416
"snp_1821",22,17132490
"snp_1822",22,17132608
"snp_1823",22,17132719
"snp_1824",22,17133436
"snp_1825",22,17133464
"snp_1826",22,17133465
"snp_1827",22,17133617
"snp_1828",22,17133893
"snp_1829",22,17134494
"snp_1830",22,17134498
"snp_1831",22,17134526
"snp_1832",22,17134538
"snp_1833",22,17135337
"snp_1834",22,17136658
"snp_1835",22,17136860
"snp_1836",22,17136863
"snp_1837",22,17139200
"snp_3345",22,17655898
"snp_3346",22,17655920
"snp_3347",22,17655995
"snp_3348",22,17656027
"snp_3349",22,17656165
"snp_3350",22,17656216
"snp_3351",22,17656259
"snp_3352",22,17656508
"snp_3353",22,17656580
"snp_3354",22,17656724
"snp_3355",22,17656831
"snp_3356",22,17656851
"snp_3357",22,17657000
"snp_3358",22,17657107
"snp_3359",22,17657118
"snp_3360",22,17657174
"snp_3361",22,17657214
"snp_3362",22,17657236
"snp_3363",22,17657292
"snp_3364",22,17657378
"snp_3365",22,17658006
"snp_3366",22,17658341
"snp_3367",22,17658716
"snp_3368",22,17658776
"snp_3369",22,17658862
"snp_3370",22,17658882
"snp_3371",22,17659152
"snp_3372",22,17659157
"snp_3373",22,17659289
"snp_3374",22,17659301
"snp_3375",22,17659348
"snp_3376",22,17659363
"snp_3377",22,17659380
"snp_3378",22,17659579
"snp_3379",22,17659752
"snp_3380",22,17659774
"snp_3381",22,17660051
"snp_3382",22,17660056
"snp_3383",22,17660303
"snp_3384",22,17660407
"snp_3385",22,17660473
"snp_3386",22,17660501
"snp_3387",22,17660556
"snp_3388",22,17660646
"snp_3389",22,17660686
"snp_3390",22,17661178
"snp_3391",22,17661300
"snp_3392",22,17661347
"snp_3393",22,17661372
"snp_3394",22,17661508
"snp_3395",22,17661764
"snp_3396",22,17661791
"snp_3397",22,17661922
"snp_3398",22,17661935
"snp_3399",22,17662163
"snp_3400",22,17662591
"snp_3401",22,17662679
"snp_3402",22,17662699
"snp_3403",22,17662793
"snp_3404",22,17662917
"snp_3405",22,17663076
"snp_3406",22,17663117
"snp_3407",22,17663127
"snp_3408",22,17663804
"snp_3409",22,17663999
"snp_3410",22,17664296
"snp_3411",22,17664307
"snp_3412",22,17664346
"snp_3413",22,17664556
"snp_4938",22,18071444
"snp_4940",22,18071941
"snp_4942",22,18072623
"snp_4944",22,18073568
"snp_4945",22,18073592
"snp_4946",22,18074377
"snp_4947",22,18075053
"snp_4948",22,18075263
"snp_4950",22,18076523
"snp_4951",22,18076546
"snp_4952",22,18077640
"snp_4953",22,18077720
"snp_4954",22,18077829
"snp_4955",22,18078712
"snp_4956",22,18078854
"snp_4957",22,18079177
"snp_4958",22,18079203
"snp_4959",22,18079241
"snp_4960",22,18079316
"snp_4961",22,18079339
"snp_7676",22,19019317
"snp_7677",22,19019352
"snp_7678",22,19019578
"snp_7679",22,19019645
"snp_7680",22,19019778
"snp_7681",22,19020302
"snp_7682",22,19021416
"snp_7683",22,19021819
"snp_7684",22,19022580
"snp_7685",22,19022770
"snp_7686",22,19022778
"snp_7688",22,19023441
"snp_7689",22,19023639
"snp_7690",22,19024651
"snp_7691",22,19025330
"snp_7692",22,19025381
"snp_7693",22,19025766
"snp_7694",22,19025897
"snp_7695",22,19026025
"snp_7696",22,19026613
"snp_7697",22,19026877
"snp_7698",22,19027129
"snp_7699",22,19027582
"snp_7700",22,19027597
"snp_8165",22,19154522
"snp_8166",22,19154608
"snp_8168",22,19155598
"snp_8169",22,19155622
"snp_8170",22,19155662
"snp_8171",22,19155975
"snp_8172",22,19155992
"snp_8173",22,19156117
"snp_8174",22,19156333
"snp_8175",22,19156543
"snp_8176",22,19156708
"snp_8177",22,19157000
"snp_8178",22,19157642
"snp_8179",22,19157819
"snp_8180",22,19158116
"snp_8181",22,19158593
"snp_8182",22,19158722
"snp_8183",22,19158724
"snp_8184",22,19158756
"snp_8185",22,19159015
"snp_8186",22,19160297
"snp_8187",22,19160307
"snp_8188",22,19160546
"snp_8189",22,19160549
"snp_8190",22,19160566
"snp_8191",22,19160899
"snp_8192",22,19161307
"snp_8193",22,19161327
"snp_8194",22,19161935
"snp_8195",22,19162276
"snp_8196",22,19162326
"snp_8197",22,19162686
"snp_8198",22,19162696
"snp_8199",22,19162883
"snp_9699",22,19766248
"snp_9700",22,19766782
"snp_9701",22,19767051
"snp_9702",22,19767420
"snp_9703",22,19767421
"snp_9704",22,19767499
"snp_9706",22,19768045
"snp_9707",22,19768311
"snp_9708",22,19768337
"snp_9709",22,19769668
"snp_9710",22,19770707
"snp_9711",22,19770886
"snp_9713",22,19771064
"snp_9714",22,19771190
"snp_9715",22,19771568
"snp_9716",22,19772757
"snp_9718",22,19773308
"snp_9719",22,19774502
"snp_9720",22,19775043
"snp_9721",22,19775186
"snp_10224",22,19953059
"snp_10225",22,19953188
"snp_10226",22,19953832
"snp_10227",22,19953882
"snp_10228",22,19953899
"snp_10229",22,19954458
"snp_10230",22,19954847
"snp_10231",22,19955692
"snp_10232",22,19956553
"snp_10233",22,19956781
"snp_10234",22,19956885
"snp_10235",22,19957023
"snp_10236",22,19957631
"snp_10237",22,19957763
"snp_10238",22,19957787
"snp_10239",22,19958022
"snp_10240",22,19958669
"snp_10241",22,19958829
"snp_10242",22,19959011
"snp_10243",22,19959033
"snp_10244",22,19959366
"snp_10245",22,19959473
"snp_10246",22,19959746
"snp_10247",22,19959955
"snp_10248",22,19960140
"snp_10249",22,19960184
"snp_10250",22,19960188
"snp_10251",22,19960198
"snp_10252",22,19960394
"snp_10253",22,19960606
"snp_10254",22,19961007
"snp_10255",22,19961101
"snp_10256",22,19961433
"snp_10572",22,20063424
"snp_10573",22,20063727
"snp_10574",22,20064384
"snp_10575",22,20064751
"snp_10576",22,20064780
"snp_10577",22,20064905
"snp_10578",22,20065276
"snp_10579",22,20065314
"snp_10580",22,20065370
"snp_10581",22,20065751
"snp_10582",22,20066136
"snp_10583",22,20066260
"snp_10584",22,20066422
"snp_10585",22,20066611
"snp_10586",22,20066665
"snp_10587",22,20066798
"snp_10588",22,20066902
"snp_10589",22,20067232
"snp_10590",22,20067517
"snp_10591",22,20068086
"snp_10592",22,20068407
"snp_10593",22,20068496
"snp_10594",22,20068503
"snp_10595",22,20068556
"snp_10596",22,20069172
"snp_10597",22,20069297
"snp_10598",22,20069590
"snp_10599",22,20069725
"snp_10600",22,20069844
"snp_10601",22,20069913
"snp_10602",22,20070171
"snp_10603",22,20070285
"snp_10604",22,20070956
"snp_10605",22,20071351
"snp_10606",22,20071423
"snp_10607",22,20071630
"snp_10608",22,20071652
"snp_10609",22,20071737
"snp_10610",22,20071899
"snp_11147",22,20225536
"snp_11148",22,20225782
"snp_11149",22,20226076
"snp_11150",22,20226455
"snp_11151",22,20226789
"snp_11152",22,20227384
"snp_11153",22,20227551
"snp_11154",22,20228465
"snp_11155",22,20228542
"snp_11156",22,20228764
"snp_11157",22,20233231
"snp_11158",22,20233268
"snp_11159",22,20233429
"snp_11272",22,20282886
"snp_11273",22,20283228
"snp_11274",22,20283418
"snp_11275",22,20284605
"snp_11276",22,20286070
"snp_11277",22,20286099
"snp_11278",22,20290949
"snp_11279",22,20291030
"snp_11288",22,20298515
"snp_11289",22,20301346
"snp_11290",22,20301800
"snp_11291",22,20303854
"snp_11292",22,20304720
"snp_11837",22,20779563
"snp_11838",22,20779604
"snp_11839",22,20779768
"snp_11840",22,20779822
"snp_11841",22,20781006
"snp_11842",22,20781496
"snp_11843",22,20781670
"snp_11844",22,20782102
"snp_11845",22,20783485
"snp_11846",22,20783721
"snp_11847",22,20784050
"snp_11848",22,20784217
"snp_11849",22,20784550
"snp_11850",22,20784630
"snp_11851",22,20784909
"snp_11852",22,20785639
"snp_11853",22,20786488
"snp_11854",22,20786600
"snp_11855",22,20786810
"snp_11856",22,20787850
"snp_12604",22,21058088
"snp_12605",22,21058179
"snp_12606",22,21059279
"snp_12607",22,21059373
"snp_12608",22,21059531
"snp_12609",22,21059630
"snp_12610",22,21059934
"snp_12611",22,21059965
"snp_12612",22,21060359
"snp_12613",22,21061213
"snp_12614",22,21061219
"snp_12615",22,21061358
"snp_12616",22,21061985
"snp_12617",22,21062268
"snp_12618",22,21062813
"snp_12619",22,21063672
"snp_12620",22,21064057
"snp_12621",22,21064059
"snp_12622",22,21064120
"snp_12623",22,21064387
"snp_12624",22,21065433
"snp_12625",22,21065550
"snp_12626",22,21065932
"snp_12640",22,21073122
"snp_12641",22,21073281
"snp_12642",22,21074037
"snp_12643",22,21075537
"snp_12644",22,21076129
"snp_12645",22,21076208
"snp_12646",22,21076216
"snp_12647",22,21076753
"snp_12648",22,21076754
"snp_12649",22,21077394
"snp_12650",22,21077840
"snp_12651",22,21077856
"snp_12652",22,21078301
"snp_12653",22,21078525
"snp_12654",22,21079587
"snp_12655",22,21079909
"snp_12656",22,21080404
"snp_12657",22,21080548
"snp_12752",22,21123949
"snp_12753",22,21125075
"snp_12754",22,21125198
"snp_12755",22,21126344
"snp_12756",22,21126502
"snp_12757",22,21127097
"snp_12758",22,21127098
"snp_12759",22,21127335
"snp_12761",22,21128206
"snp_12762",22,21128576
"snp_12763",22,21129295
"snp_12764",22,21129559
"snp_12765",22,21130129
"snp_12766",22,21130331
"snp_12767",22,21130549
"snp_12768",22,21132154
"snp_12769",22,21132570
"snp_12914",22,21209189
"snp_12915",22,21210288
"snp_12916",22,21211019
"snp_12917",22,21211107
"snp_12918",22,21211220
"snp_12919",22,21211544
"snp_12920",22,21212090
"snp_12921",22,21212208
"snp_12922",22,21212476
"snp_12923",22,21212656
"snp_12924",22,21212716
"snp_12925",22,21213380
"snp_12926",22,21213416
"snp_12927",22,21215198
"snp_12928",22,21215742
"snp_12929",22,21215770
"snp_12931",22,21216695
"snp_12932",22,21217575
"snp_13023",22,21267591
"snp_13024",22,21268433
"snp_13025",22,21268733
"snp_13026",22,21270324
"snp_13027",22,21270823
"snp_13028",22,21272730
"snp_13029",22,21272734
"snp_13030",22,21272752
"snp_13031",22,21273025
"snp_13032",22,21273168
"snp_13033",22,21273196
"snp_13034",22,21273441
"snp_13035",22,21274338
"snp_13036",22,21274587
"snp_13037",22,21275029
"snp_13038",22,21275053
"snp_13039",22,21275150
"snp_13040",22,21275765
"snp_13041",22,21275824
"snp_13042",22,21275859
"snp_13726",22,21493165
"snp_13727",22,21493169
"snp_13728",22,21493330
"snp_13729",22,21496954
"snp_14018",22,21818481
"snp_14019",22,21818755
"snp_14020",22,21818887
"snp_14021",22,21819370
"snp_14022",22,21819437
"snp_14023",22,21819510
"snp_14024",22,21822322
"snp_14025",22,21822725
"snp_14026",22,21824978
"snp_14027",22,21825081
"snp_14234",22,21982892
"snp_14235",22,21983260
"snp_14236",22,21983766
"snp_14237",22,21983853
"snp_14238",22,21984205
"snp_14239",22,21984379
"snp_14240",22,21984568
"snp_14241",22,21985094
"snp_14242",22,21985119
"snp_14244",22,21986101
"snp_14245",22,21986827
"snp_14246",22,21988524
"snp_14247",22,21988599
"snp_14248",22,21988602
"snp_14249",22,21988833
"snp_14250",22,21989325
"snp_14251",22,21989621
"snp_14252",22,21990823
"snp_14253",22,21991072
"snp_14254",22,21991120
"snp_15112",22,22376097
"snp_15113",22,22376174
"snp_15114",22,22376278
"snp_15115",22,22376432
"snp_15116",22,22376501
"snp_15117",22,22376670
"snp_15118",22,22376872
"snp_15119",22,22377009
"snp_15120",22,22377176
"snp_15121",22,22377206
"snp_15122",22,22377440
"snp_15123",22,22377498
"snp_15124",22,22377547
"snp_15125",22,22377696
"snp_15126",22,22377706
"snp_15127",22,22378170
"snp_15128",22,22378262
"snp_15129",22,22378268
"snp_15130",22,22378287
"snp_15131",22,22378985
"snp_15132",22,22379067
"snp_15133",22,22379410
"snp_15134",22,22379780
"snp_15135",22,22379810
"snp_15136",22,22379861
"snp_15137",22,22380069
"snp_15138",22,22380217
"snp_15139",22,22380667
"snp_15140",22,22380718
"snp_15141",22,22380743
"snp_15142",22,22380893
"snp_15143",22,22380904
"snp_15144",22,22380989
"snp_15145",22,22381327
"snp_15146",22,22381768
"snp_15147",22,22381979
"snp_15148",22,22382787
"snp_15149",22,22383798
"snp_15150",22,22384869
"snp_16669",22,22643800
"snp_16670",22,22644794
"snp_16671",22,22645427
"snp_16672",22,22645490
"snp_16673",22,22645582
"snp_16674",22,22645583
"snp_16675",22,22646562
"snp_16676",22,22646569
"snp_16677",22,22646732
"snp_16678",22,22646825
"snp_16679",22,22647618
"snp_16680",22,22648045
"snp_16681",22,22648281
"snp_16682",22,22648645
"snp_16683",22,22648930
"snp_16684",22,22649105
"snp_16685",22,22649144
"snp_16686",22,22650239
"snp_16687",22,22651659
"snp_16688",22,22651907
"snp_16689",22,22652155
"snp_16690",22,22652491
"snp_17152",22,22754073
"snp_17153",22,22754245
"snp_17154",22,22754370
"snp_17155",22,22754476
"snp_17156",22,22754483
"snp_17157",22,22754544
"snp_17158",22,22755065
"snp_17159",22,22756576
"snp_17160",22,22757189
"snp_17161",22,22757275
"snp_17162",22,22757519
"snp_17163",22,22757769
"snp_17164",22,22757842
"snp_17165",22,22757847
"snp_17166",22,22757875
"snp_17167",22,22757900
"snp_17168",22,22757931
"snp_17169",22,22757933
"snp_17170",22,22757944
"snp_17171",22,22757948
"snp_17172",22,22758131
"snp_17173",22,22758237
"snp_17174",22,22758435
"snp_17175",22,22758488
"snp_17176",22,22758660
"snp_17177",22,22758721
"snp_17178",22,22758835
"snp_17179",22,22759044
"snp_17180",22,22759094
"snp_17181",22,22759191
"snp_17182",22,22759538
"snp_17183",22,22759803
"snp_17184",22,22759999
"snp_17185",22,22760142
"snp_17186",22,22760407
"snp_17187",22,22760463
"snp_17188",22,22760560
"snp_17189",22,22760637
"snp_17190",22,22760648
"snp_17191",22,22761051
"snp_17192",22,22761286
"snp_17193",22,22761358
"snp_17194",22,22761359
"snp_17195",22,22761368
"snp_17196",22,22761543
"snp_17197",22,22761658
"snp_17198",22,22761889
"snp_17199",22,22761913
"snp_17200",22,22762359
"snp_17201",22,22762651
"snp_17202",22,22762771
"snp_17203",22,22762847
"snp_17541",22,22863779
"snp_17542",22,22863975
"snp_17546",22,22864658
"snp_17554",22,22865849
"snp_17556",22,22865886
"snp_17558",22,22866423
"snp_17559",22,22866460
"snp_17562",22,22866773
"snp_17563",22,22867291
"snp_17564",22,22867300
"snp_17566",22,22867516
"snp_17567",22,22867703
"snp_17568",22,22867956
"snp_17569",22,22868017
"snp_17570",22,22868090
"snp_17571",22,22868128
"snp_17572",22,22868211
"snp_17573",22,22868497
"snp_17574",22,22868773
"snp_17575",22,22868776
"snp_17576",22,22869123
"snp_17577",22,22869209
"snp_17578",22,22869218
"snp_17579",22,22869538
"snp_17580",22,22869545
"snp_17581",22,22869548
"snp_17582",22,22869742
"snp_17583",22,22870063
"snp_17584",22,22870147
"snp_17585",22,22870542
"snp_17586",22,22870621
"snp_17587",22,22870965
"snp_17588",22,22871029
"snp_17589",22,22871034
"snp_17590",22,22871116
"snp_17591",22,22871157
"snp_17592",22,22871384
"snp_17593",22,22871386
"snp_17594",22,22871516
"snp_17595",22,22871640
"snp_17596",22,22871922
"snp_17597",22,22872055
"snp_17598",22,22872325
"snp_18035",22,22968147
"snp_18036",22,22968690
"snp_18037",22,22968702
"snp_18038",22,22969040
"snp_18039",22,22969228
"snp_18040",22,22969356
"snp_18041",22,22969365
"snp_18042",22,22969437
"snp_18043",22,22969588
"snp_18044",22,22969821
"snp_18045",22,22969822
"snp_18046",22,22969858
"snp_18047",22,22970359
"snp_18048",22,22970559
"snp_18049",22,22970813
"snp_18050",22,22971219
"snp_18051",22,22971942
"snp_18052",22,22972113
"snp_18053",22,22972131
"snp_18054",22,22972288
"snp_18055",22,22972396
"snp_18056",22,22972575
"snp_18057",22,22972931
"snp_18058",22,22973103
"snp_18059",22,22973468
"snp_18060",22,22974235
"snp_18061",22,22974789
"snp_18062",22,22974940
"snp_18063",22,22975331
"snp_18064",22,22975335
"snp_18065",22,22975357
"snp_18066",22,22975536
"snp_18067",22,22975654
"snp_18068",22,22975926
"snp_18069",22,22975931
"snp_18070",22,22975932
"snp_18071",22,22975975
"snp_18072",22,22976532
"snp_18073",22,22976554
"snp_18074",22,22976716
"snp_18075",22,22976787
"snp_18076",22,22976844
"snp_18077",22,22976867
"snp_19426",22,23260922
"snp_19427",22,23261066
"snp_19428",22,23261166
"snp_19429",22,23261330
"snp_19430",22,23261552
"snp_19431",22,23261726
"snp_19432",22,23261819
"snp_19433",22,23261856
"snp_19434",22,23262360
"snp_19435",22,23263251
"snp_19436",22,23263502
"snp_19437",22,23263602
"snp_19438",22,23263708
"snp_19439",22,23264606
"snp_19440",22,23264785
"snp_19441",22,23264864
"snp_19442",22,23265654
"snp_19443",22,23266118
"snp_19444",22,23266478
"snp_19445",22,23266676
"snp_19446",22,23266797
"snp_19447",22,23267152
"snp_19448",22,23268052
"snp_19449",22,23268390
"snp_19450",22,23268511
"snp_19451",22,23268677
"snp_19452",22,23268987
"snp_19453",22,23269126
"snp_20041",22,23517976
"snp_20042",22,23518215
"snp_20043",22,23518244
"snp_20044",22,23518251
"snp_20045",22,23519046
"snp_20046",22,23519184
"snp_20047",22,23521094
"snp_20048",22,23522669
"snp_20049",22,23522787
"snp_20050",22,23522804
"snp_20051",22,23523630
"snp_20052",22,23525082
"snp_21715",22,23911487
"snp_21716",22,23912723
"snp_21717",22,23912969
"snp_21718",22,23913579
"snp_21719",22,23913717
"snp_21720",22,23914020
"snp_21721",22,23914502
"snp_21722",22,23914618
"snp_21723",22,23914948
"snp_21724",22,23915243
"snp_21725",22,23915340
"snp_21726",22,23915370
"snp_21727",22,23915652
"snp_21728",22,23915889
"snp_21729",22,23916108
"snp_21730",22,23916125
"snp_21731",22,23916271
"snp_21732",22,23916292
"snp_21733",22,23916311
"snp_21734",22,23916313
"snp_21735",22,23916337
"snp_21736",22,23916342
"snp_21737",22,23916343
"snp_21738",22,23916345
"snp_21739",22,23916387
"snp_21740",22,23916405
"snp_21741",22,23916442
"snp_21742",22,23917511
"snp_21743",22,23917635
"snp_21744",22,23917676
"snp_21745",22,23917943
"snp_21746",22,23917949
"snp_21747",22,23918139
"snp_21748",22,23918447
"snp_21749",22,23918525
"snp_21750",22,23919363
"snp_21751",22,23919448
"snp_21752",22,23919535
"snp_22245",22,24026415
"snp_22246",22,24026845
"snp_22247",22,24027192
"snp_22248",22,24027233
"snp_22249",22,24027648
"snp_22250",22,24027650
"snp_22251",22,24028186
"snp_22252",22,24028190
"snp_22253",22,24028351
"snp_22254",22,24028412
"snp_22255",22,24028627
"snp_22256",22,24029075
"snp_22257",22,24029646
"snp_22258",22,24029652
"snp_22259",22,24030367
"snp_22261",22,24030571
"snp_22262",22,24030799
"snp_22263",22,24030907
"snp_22264",22,24031712
"snp_22265",22,24032015
"snp_22267",22,24032771
"snp_22268",22,24033466
"snp_22269",22,24033486
"snp_22271",22,24033869
"snp_22272",22,24034288
"snp_22389",22,24090587
"snp_22390",22,24090794
"snp_22391",22,24091137
"snp_22392",22,24091676
"snp_22393",22,24091760
"snp_22394",22,24091763
"snp_22395",22,24092597
"snp_22396",22,24093139
"snp_22397",22,24093425
"snp_22398",22,24093789
"snp_22399",22,24093998
"snp_22400",22,24094158
"snp_22401",22,24094215
"snp_22402",22,24094295
"snp_22403",22,24094330
"snp_22404",22,24094476
"snp_22405",22,24094485
"snp_22406",22,24094836
"snp_22407",22,24094912
"snp_22408",22,24096133
"snp_22409",22,24096190
"snp_22410",22,24096227
"snp_22411",22,24096268
"snp_22412",22,24096384
"snp_22413",22,24096400
"snp_22414",22,24096464
"snp_22415",22,24096541
"snp_22416",22,24096674
"snp_22417",22,24096726
"snp_22418",22,24096783
"snp_22419",22,24096941
"snp_22420",22,24096958
"snp_22421",22,24096965
"snp_22422",22,24097015
"snp_22423",22,24097972
"snp_22424",22,24098256
"snp_22425",22,24098259
"snp_22426",22,24098437
"snp_22427",22,24098477
"snp_22428",22,24098484
"snp_22429",22,24098705
"snp_22430",22,24098865
"snp_22431",22,24099085
"snp_22432",22,24099143
"snp_22433",22,24099264
"snp_23825",22,24611330
"snp_23826",22,24611344
"snp_23827",22,24611356
"snp_23828",22,24611717
"snp_23829",22,24612115
"snp_23830",22,24612987
"snp_23831",22,24613952
"snp_23832",22,24614106
"snp_23833",22,24614306
"snp_23834",22,24615448
"snp_23835",22,24615506
"snp_23836",22,24615508
"snp_23837",22,24616876
"snp_23838",22,24617001
"snp_23839",22,24617101
"snp_23840",22,24617239
"snp_23841",22,24617271
"snp_23842",22,24617315
"snp_23843",22,24617335
"snp_23844",22,24617368
"snp_23845",22,24617372
"snp_23846",22,24617380
"snp_23847",22,24617383
"snp_23848",22,24617515
"snp_23849",22,24617973
"snp_23850",22,24618331
"snp_23851",22,24618574
"snp_23852",22,24618788
"snp_23853",22,24618861
"snp_23854",22,24618872
"snp_23855",22,24618917
"snp_23856",22,24619207
"snp_23857",22,24619762
"snp_23858",22,24619845
"snp_23859",22,24619977
"snp_24224",22,24858742
"snp_24226",22,24862597
"snp_24227",22,24862738
"snp_24228",22,24863446
"snp_24229",22,24864138
"snp_24230",22,24864252
"snp_24231",22,24864914
"snp_24232",22,24865187
"snp_24233",22,24865248
"snp_24383",22,24947452
"snp_24384",22,24947622
"snp_24385",22,24948172
"snp_24386",22,24948759
"snp_24387",22,24949306
"snp_24388",22,24949714
"snp_24389",22,24949953
"snp_24390",22,24951086
"snp_24391",22,24951296
"snp_24392",22,24952344
"snp_24393",22,24952498
"snp_24394",22,24953056
"snp_24395",22,24953227
"snp_24396",22,24953249
"snp_24397",22,24953279
"snp_24398",22,24953571
"snp_24399",22,24954832
"snp_24400",22,24955609
"snp_24401",22,24955700
"snp_24428",22,24975488
"snp_24429",22,24976045
"snp_24430",22,24976110
"snp_24431",22,24976249
"snp_24432",22,24977286
"snp_24433",22,24977514
"snp_24434",22,24979447
"snp_24435",22,24982522
"snp_24437",22,24983264
"snp_24875",22,25103770
"snp_24876",22,25103816
"snp_24877",22,25104087
"snp_24878",22,25104220
"snp_24879",22,25104355
"snp_24880",22,25104770
"snp_24881",22,25105221
"snp_24882",22,25105347
"snp_24883",22,25105832
"snp_24884",22,25106108
"snp_24885",22,25106327
"snp_24886",22,25106411
"snp_24887",22,25106976
"snp_24888",22,25107566
"snp_24889",22,25108767
"snp_24890",22,25109027
"snp_24891",22,25109069
"snp_24892",22,25109920
"snp_24893",22,25110395
"snp_24894",22,25110656
"snp_24895",22,25111200
"snp_24896",22,25111218
"snp_24897",22,25111237
"snp_24898",22,25111467
"snp_24899",22,25112325
"snp_25834",22,25419524
"snp_25835",22,25420696
"snp_27774",22,25956887
"snp_27775",22,25958952
"snp_27776",22,25959935
"snp_27779",22,25960107
"snp_27780",22,25962047
"snp_27782",22,25962823
"snp_27783",22,25962883
"snp_27920",22,26133685
"snp_27921",22,26133775
"snp_27922",22,26134026
"snp_27923",22,26134163
"snp_27924",22,26134716
"snp_27925",22,26134887
"snp_27926",22,26135330
"snp_27927",22,26135498
"snp_27928",22,26135889
"snp_27929",22,26135929
"snp_27930",22,26135993
"snp_27931",22,26136213
"snp_27932",22,26136419
"snp_27933",22,26136501
"snp_27934",22,26136622
"snp_27935",22,26136660
"snp_27936",22,26136706
"snp_27937",22,26136793
"snp_27938",22,26137327
"snp_27939",22,26137873
"snp_27940",22,26138084
"snp_27941",22,26139378
"snp_27942",22,26139746
"snp_27943",22,26140544
"snp_27944",22,26140625
"snp_27945",22,26141369
"snp_27946",22,26141431
"snp_27947",22,26141526
"snp_27948",22,26142061
"snp_27949",22,26142492
"snp_29995",22,26835534
"snp_29996",22,26836008
"snp_29997",22,26836120
"snp_29998",22,26836244
"snp_29999",22,26836354
"snp_30000",22,26836535
"snp_30001",22,26836780
"snp_30002",22,26837672
"snp_30003",22,26837996
"snp_30004",22,26839657
"snp_30005",22,26840477
"snp_30006",22,26841177
"snp_30007",22,26841279
"snp_30008",22,26841390
"snp_30009",22,26841519
"snp_30010",22,26841643
"snp_30011",22,26842061
"snp_30012",22,26842818
"snp_30013",22,26843708
"snp_30153",22,26916999
"snp_30154",22,26917052
"snp_30155",22,26917077
"snp_30156",22,26917078
"snp_30157",22,26917189
"snp_30158",22,26917470
"snp_30159",22,26917626
"snp_30160",22,26918860
"snp_30161",22,26919613
"snp_30162",22,26919783
"snp_30163",22,26920048
"snp_30164",22,26920270
"snp_30165",22,26920312
"snp_30166",22,26920327
"snp_30167",22,26920328
"snp_30168",22,26921725
"snp_30169",22,26922228
"snp_30170",22,26922545
"snp_30171",22,26922694
"snp_30172",22,26922769
"snp_30173",22,26923155
"snp_30174",22,26923325
"snp_30175",22,26923342
"snp_30176",22,26923416
"snp_30177",22,26923487
"snp_30178",22,26923511
"snp_30179",22,26923907
"snp_30180",22,26924149
"snp_30181",22,26924312
"snp_30182",22,26924336
"snp_30183",22,26924456
"snp_30184",22,26924535
"snp_30185",22,26924751
"snp_30186",22,26924995
"snp_30187",22,26925305
"snp_30188",22,26925500
"snp_30189",22,26925782
"snp_30190",22,26925834
"snp_30191",22,26925953
"snp_30459",22,27013566
"snp_30460",22,27013784
"snp_30461",22,27014346
"snp_30462",22,27014428
"snp_30463",22,27014467
"snp_30464",22,27017300
"snp_30465",22,27017435
"snp_30466",22,27017996
"snp_30467",22,27018001
"snp_30468",22,27018010
"snp_30469",22,27018049
"snp_30470",22,27018765
"snp_30471",22,27019042
"snp_30472",22,27019128
"snp_30473",22,27019374
"snp_30474",22,27019498
"snp_30475",22,27019951
"snp_30476",22,27020011
"snp_30477",22,27020332
"snp_30478",22,27020705
"snp_30479",22,27020835
"snp_30480",22,27020962
"snp_30481",22,27021021
"snp_30482",22,27021189
"snp_30483",22,27021358
"snp_30484",22,27021401
"snp_30485",22,27021409
"snp_30486",22,27021425
"snp_30487",22,27021457
"snp_30488",22,27021589
"snp_30489",22,27021936
"snp_34716",22,28370541
"snp_34717",22,28370572
"snp_34718",22,28371485
"snp_34719",22,28371541
"snp_34720",22,28371656
"snp_34721",22,28372703
"snp_34722",22,28372834
"snp_34723",22,28373744
"snp_34724",22,28374216
"snp_34725",22,28374219
"snp_34726",22,28375675
"snp_34727",22,28377083
"snp_34728",22,28377218
"snp_34729",22,28378472
"snp_35546",22,29164170
"snp_35547",22,29164171
"snp_35548",22,29164622
"snp_35549",22,29164624
"snp_35550",22,29164626
"snp_35551",22,29164627
"snp_35552",22,29164855
"snp_35553",22,29165120
"snp_35554",22,29165525
"snp_35555",22,29165766
"snp_35556",22,29165866
"snp_35557",22,29166224
"snp_35558",22,29166241
"snp_35559",22,29166830
"snp_35560",22,29166856
"snp_35561",22,29167077
"snp_35562",22,29167119
"snp_35563",22,29167222
"snp_35564",22,29168208
"snp_35565",22,29168339
"snp_35566",22,29168587
"snp_35567",22,29168755
"snp_35568",22,29169290
"snp_35569",22,29169420
"snp_35570",22,29170116
"snp_35571",22,29170138
"snp_35572",22,29171244
"snp_35573",22,29171298
"snp_35574",22,29171335
"snp_35575",22,29172898
"snp_35576",22,29173069
"snp_35577",22,29173121
"snp_35578",22,29173126
"snp_36080",22,29464637
"snp_36081",22,29464739
"snp_36082",22,29464901
"snp_36083",22,29465677
"snp_36084",22,29465869
"snp_36085",22,29465973
"snp_36086",22,29466201
"snp_36087",22,29466346
"snp_36088",22,29466825
"snp_36089",22,29466835
"snp_36090",22,29466875
"snp_36091",22,29467105
"snp_36092",22,29467221
"snp_36093",22,29467580
"snp_36094",22,29468155
"snp_36095",22,29468456
"snp_36096",22,29468721
"snp_36097",22,29469130
"snp_36098",22,29469589
"snp_36099",22,29470115
"snp_36100",22,29471323
"snp_36101",22,29472709
"snp_36102",22,29472863
"snp_36103",22,29472884
"snp_36104",22,29473495
"snp_36443",22,29597341
"snp_36444",22,29597544
"snp_36445",22,29598188
"snp_36446",22,29598263
"snp_36447",22,29598422
"snp_36448",22,29598483
"snp_36449",22,29598878
"snp_36450",22,29598970
"snp_36451",22,29599089
"snp_36452",22,29599984
"snp_36453",22,29601204
"snp_36454",22,29602971
"snp_36455",22,29603611
"snp_36456",22,29603746
"snp_36457",22,29603796
"snp_36458",22,29604130
"snp_36459",22,29604275
"snp_36460",22,29604310
"snp_36461",22,29604561
"snp_36462",22,29604787
"snp_36463",22,29605571
"snp_36656",22,29705927
"snp_36657",22,29706249
"snp_36658",22,29706252
"snp_36659",22,29707955
"snp_36660",22,29710325
"snp_36661",22,29710360
"snp_36662",22,29712874
"snp_36808",22,29810922
"snp_36809",22,29811172
"snp_36810",22,29811221
"snp_36811",22,29811373
"snp_36812",22,29812076
"snp_36813",22,29812464
"snp_36814",22,29812511
"snp_36815",22,29812639
"snp_36816",22,29812668
"snp_36817",22,29812757
"snp_36818",22,29812853
"snp_36819",22,29812921
"snp_36820",22,29813083
"snp_36821",22,29813106
"snp_36822",22,29813117
"snp_36823",22,29813156
"snp_36824",22,29813161
"snp_36825",22,29813175
"snp_36826",22,29813225
"snp_36827",22,29813253
"snp_36828",22,29813486
"snp_36829",22,29813515
"snp_36830",22,29813552
"snp_36831",22,29813773
"snp_36832",22,29813804
"snp_36833",22,29814324
"snp_36834",22,29814381
"snp_36835",22,29814395
"snp_36836",22,29814724
"snp_36837",22,29814942
"snp_36838",22,29815476
"snp_36839",22,29815696
"snp_36840",22,29816881
"snp_36841",22,29817689
"snp_36842",22,29818708
"snp_36843",22,29818816
"snp_36844",22,29818818
"snp_36845",22,29818854
"snp_36846",22,29819081
"snp_37635",22,30160747
"snp_37636",22,30161133
"snp_37637",22,30161278
"snp_37638",22,30161280
"snp_37639",22,30161297
"snp_37640",22,30161801
"snp_37641",22,30163110
"snp_37642",22,30163332
"snp_37643",22,30163526
"snp_37644",22,30163835
"snp_37645",22,30164511
"snp_37646",22,30164616
"snp_37647",22,30164617
"snp_37648",22,30164626
"snp_37649",22,30164628
"snp_37650",22,30165412
"snp_37651",22,30166437
"snp_37652",22,30166630
"snp_37653",22,30166781
"snp_37654",22,30167343
"snp_37655",22,30167375
"snp_37656",22,30167419
"snp_39203",22,30970972
"snp_39204",22,30971606
"snp_39205",22,30972409
"snp_39206",22,30973025
"snp_39207",22,30973658
"snp_39208",22,30974142
"snp_39209",22,30975513
"snp_39210",22,30975861
"snp_40585",22,31603741
"snp_40586",22,31604122
"snp_40587",22,31604382
"snp_40588",22,31604417
"snp_40589",22,31605055
"snp_40590",22,31605847
"snp_40591",22,31607834
"snp_40592",22,31609832
"snp_40593",22,31610200
"snp_40594",22,31611549
"snp_40803",22,31738424
"snp_40804",22,31738609
"snp_40805",22,31738754
"snp_40806",22,31741067
"snp_40807",22,31742108
"snp_40808",22,31744009
"snp_40809",22,31744072
"snp_40810",22,31744214
"snp_40811",22,31744721
"snp_40812",22,31745274
"snp_40813",22,31745306
"snp_40814",22,31746719
"snp_40955",22,31831017
"snp_40956",22,31831096
"snp_40957",22,31833759
"snp_40958",22,31834200
"snp_40960",22,31834939
"snp_40961",22,31836378
"snp_40962",22,31836486
"snp_40963",22,31838085
"snp_40964",22,31838518
"snp_41299",22,32068917
"snp_41300",22,32069186
"snp_41301",22,32069414
"snp_41302",22,32069433
"snp_41303",22,32069904
"snp_41304",22,32070158
"snp_41305",22,32070637
"snp_41306",22,32070751
"snp_41307",22,32070912
"snp_41308",22,32071017
"snp_41309",22,32071119
"snp_41310",22,32071195
"snp_41311",22,32072120
"snp_41312",22,32074392
"snp_41313",22,32074562
"snp_41314",22,32074719
"snp_41315",22,32074897
"snp_41316",22,32075539
"snp_41317",22,32075631
"snp_41318",22,32075899
"snp_41605",22,32325460
"snp_41606",22,32325582
"snp_41607",22,32326021
"snp_41608",22,32326238
"snp_41609",22,32326387
"snp_41610",22,32327794
"snp_41611",22,32328749
"snp_41612",22,32329263
"snp_41613",22,32329293
"snp_41614",22,32330565
"snp_41615",22,32331594
"snp_41616",22,32331686
"snp_41617",22,32331836
"snp_41618",22,32332118
"snp_41619",22,32333063
"snp_41620",22,32333499
"snp_41621",22,32333783
"snp_51023",22,35457845
"snp_51024",22,35457928
"snp_51025",22,35457932
"snp_51026",22,35457938
"snp_51027",22,35458222
"snp_51028",22,35458288
"snp_51029",22,35458685
"snp_51030",22,35458702
"snp_51031",22,35458796
"snp_51032",22,35458856
"snp_51033",22,35458894
"snp_51034",22,35458904
"snp_51035",22,35458972
"snp_51036",22,35458985
"snp_51037",22,35459419
"snp_51038",22,35459420
"snp_51039",22,35459421
"snp_51040",22,35460367
"snp_51041",22,35460522
"snp_51042",22,35460624
"snp_51043",22,35460650
"snp_51044",22,35460921
"snp_51045",22,35461056
"snp_51046",22,35461277
"snp_51047",22,35461338
"snp_51048",22,35461357
"snp_51049",22,35461489
"snp_51050",22,35461530
"snp_51051",22,35461535
"snp_51052",22,35461620
"snp_51053",22,35461728
"snp_51054",22,35461953
"snp_51055",22,35462249
"snp_51056",22,35462649
"snp_51058",22,35463162
"snp_51059",22,35463179
"snp_51060",22,35463249
"snp_51061",22,35464327
"snp_51062",22,35464973
"snp_51063",22,35465040
"snp_51064",22,35465085
"snp_51065",22,35465155
"snp_51066",22,35465727
"snp_51067",22,35465775
"snp_51068",22,35465951
"snp_51069",22,35466264
"snp_51070",22,35466275
"snp_51071",22,35466429
"snp_51072",22,35466485
"snp_51073",22,35466515
"snp_51074",22,35466564
"snp_53237",22,36130527
"snp_53238",22,36130554
"snp_53239",22,36130557
"snp_53240",22,36130577
"snp_53241",22,36130786
"snp_53242",22,36130914
"snp_53244",22,36131107
"snp_53245",22,36131118
"snp_53246",22,36131137
"snp_53247",22,36131201
"snp_53248",22,36131498
"snp_53250",22,36132263
"snp_53253",22,36132558
"snp_53254",22,36132770
"snp_53255",22,36132832
"snp_53257",22,36132974
"snp_53259",22,36133397
"snp_53260",22,36133739
"snp_53261",22,36134426
"snp_53263",22,36134690
"snp_53264",22,36134691
"snp_53265",22,36136945
"snp_53266",22,36137531
"snp_54205",22,36644593
"snp_54206",22,36644857
"snp_54207",22,36645089
"snp_54208",22,36646839
"snp_54209",22,36646945
"snp_54210",22,36646965
"snp_54212",22,36647536
"snp_54213",22,36647765
"snp_54214",22,36647960
"snp_54215",22,36648093
"snp_54216",22,36648352
"snp_54217",22,36648552
"snp_54218",22,36648738
"snp_54219",22,36649574
"snp_54220",22,36649802
"snp_54221",22,36649966
"snp_54222",22,36650481
"snp_54223",22,36650956
"snp_54224",22,36651231
"snp_54225",22,36651365
"snp_54226",22,36652164
"snp_54227",22,36652889
"snp_54228",22,36652931
"snp_54229",22,36653275
"snp_54951",22,36902746
"snp_54952",22,36902757
"snp_54953",22,36902863
"snp_54954",22,36903046
"snp_54955",22,36903249
"snp_54956",22,36905776
"snp_54957",22,36905950
"snp_54958",22,36906173
"snp_54959",22,36906657
"snp_54960",22,36907098
"snp_54961",22,36908102
"snp_54962",22,36909841
"snp_54963",22,36910026
"snp_54964",22,36910169
"snp_54965",22,36911298
"snp_56460",22,37402780
"snp_56461",22,37402793
"snp_56462",22,37402819
"snp_56463",22,37402910
"snp_56464",22,37403302
"snp_56465",22,37404167
"snp_56466",22,37404249
"snp_56467",22,37404837
"snp_56468",22,37405210
"snp_56469",22,37405408
"snp_56470",22,37405417
"snp_56471",22,37405441
"snp_56472",22,37405630
"snp_56473",22,37405671
"snp_56474",22,37405865
"snp_56475",22,37405911
"snp_56476",22,37406257
"snp_56477",22,37406334
"snp_56478",22,37406401
"snp_56479",22,37407527
"snp_56480",22,37407954
"snp_56481",22,37408135
"snp_56482",22,37408230
"snp_56483",22,37408399
"snp_56484",22,37408719
"snp_56485",22,37408829
"snp_56486",22,37409078
"snp_56487",22,37409226
"snp_56488",22,37409319
"snp_56489",22,37409479
"snp_56490",22,37409576
"snp_56491",22,37409578
"snp_56492",22,37409795
"snp_56493",22,37410209
"snp_56495",22,37410368
"snp_56496",22,37410429
"snp_56497",22,37410967
"snp_56498",22,37411180
"snp_56499",22,37411190
"snp_56500",22,37411207
"snp_56982",22,37595916
"snp_56983",22,37596234
"snp_56984",22,37596333
"snp_56985",22,37596396
"snp_56986",22,37596855
"snp_56987",22,37598400
"snp_56988",22,37598627
"snp_56989",22,37599065
"snp_56990",22,37599442
"snp_56991",22,37599572
"snp_56992",22,37599706
"snp_56993",22,37599802
"snp_56994",22,37600011
"snp_56996",22,37600563
"snp_56997",22,37601306
"snp_56998",22,37602131
"snp_56999",22,37602446
"snp_57000",22,37602611
"snp_57001",22,37603021
"snp_57002",22,37603051
"snp_57003",22,37603390
"snp_57004",22,37603744
"snp_57005",22,37603950
"snp_57006",22,37604567
"snp_57007",22,37604578
"snp_57057",22,37617144
"snp_57059",22,37617776
"snp_57060",22,37618078
"snp_57061",22,37618136
"snp_57062",22,37618354
"snp_57063",22,37618489
"snp_57064",22,37618637
"snp_57065",22,37618834
"snp_57066",22,37618933
"snp_57067",22,37618938
"snp_57068",22,37619000
"snp_57069",22,37619021
"snp_57070",22,37619052
"snp_57071",22,37619057
"snp_57072",22,37619062
"snp_57073",22,37619170
"snp_57074",22,37619285
"snp_57075",22,37619290
"snp_57076",22,37619295
"snp_57077",22,37619333
"snp_57078",22,37619424
"snp_57079",22,37619455
"snp_57080",22,37619477
"snp_57081",22,37619488
"snp_57082",22,37619543
"snp_57083",22,37619576
"snp_57084",22,37619577
"snp_57085",22,37619750
"snp_57086",22,37620050
"snp_57087",22,37620432
"snp_57088",22,37620472
"snp_57089",22,37620533
"snp_57090",22,37620789
"snp_57091",22,37620868
"snp_57092",22,37620917
"snp_57093",22,37620935
"snp_57094",22,37621109
"snp_57095",22,37621157
"snp_57096",22,37621269
"snp_57097",22,37621358
"snp_57098",22,37621445
"snp_57099",22,37621951
"snp_57100",22,37622029
"snp_57101",22,37622310
"snp_57102",22,37622475
"snp_57103",22,37622486
"snp_57104",22,37622590
"snp_57105",22,37622815
"snp_57106",22,37622884
"snp_57107",22,37622890
"snp_57108",22,37622999
"snp_57109",22,37623072
"snp_57110",22,37623501
"snp_57111",22,37623502
"snp_57112",22,37623503
"snp_57113",22,37624049
"snp_57114",22,37624236
"snp_57115",22,37624999
"snp_57116",22,37625077
"snp_57117",22,37625277
"snp_57118",22,37625419
"snp_57119",22,37625644
"snp_58197",22,38000468
"snp_58198",22,38001504
"snp_58199",22,38001708
"snp_58200",22,38001748
"snp_58201",22,38001828
"snp_58202",22,38002282
"snp_58203",22,38002865
"snp_58204",22,38003070
"snp_58205",22,38003235
"snp_58206",22,38003498
"snp_58207",22,38003624
"snp_58208",22,38004202
"snp_58209",22,38004644
"snp_58210",22,38005058
"snp_58211",22,38005144
"snp_58212",22,38005247
"snp_58213",22,38005266
"snp_58214",22,38005441
"snp_58215",22,38005877
"snp_58216",22,38005937
"snp_58217",22,38006253
"snp_58218",22,38006381
"snp_58219",22,38006520
"snp_58221",22,38007812
"snp_58222",22,38007826
"snp_58223",22,38008395
"snp_58224",22,38008504
"snp_58225",22,38008505
"snp_58226",22,38008545
"snp_58227",22,38008549
"snp_58228",22,38008550
"snp_58229",22,38008561
"snp_58230",22,38008566
"snp_58231",22,38008574
"snp_58232",22,38008575
"snp_58233",22,38008744
"snp_58312",22,38050534
"snp_58313",22,38050880
"snp_58314",22,38051019
"snp_58315",22,38051205
"snp_58316",22,38051355
"snp_58317",22,38051460
"snp_58318",22,38051628
"snp_58319",22,38051999
"snp_58320",22,38052291
"snp_58321",22,38052585
"snp_58322",22,38052839
"snp_58323",22,38052840
"snp_58324",22,38052841
"snp_58325",22,38053258
"snp_58326",22,38053476
"snp_58327",22,38053665
"snp_58328",22,38053671
"snp_58329",22,38053908
"snp_58330",22,38053909
"snp_58331",22,38054038
"snp_58332",22,38054262
"snp_58333",22,38054325
"snp_58334",22,38054403
"snp_58335",22,38054478
"snp_58336",22,38055833
"snp_58337",22,38056135
"snp_58338",22,38057338
"snp_58339",22,38057610
"snp_58340",22,38058732
"snp_58341",22,38059043
"snp_58342",22,38059138
"snp_58343",22,38059224
"snp_58417",22,38089682
"snp_58418",22,38089987
"snp_58419",22,38090072
"snp_58420",22,38091063
"snp_58421",22,38091066
"snp_58422",22,38091079
"snp_58423",22,38091179
"snp_58424",22,38091180
"snp_58425",22,38091216
"snp_58426",22,38091481
"snp_58427",22,38091660
"snp_58428",22,38091754
"snp_58429",22,38091899
"snp_58430",22,38092423
"snp_58431",22,38092729
"snp_58432",22,38092851
"snp_58433",22,38092892
"snp_58434",22,38093005
"snp_58435",22,38093169
"snp_58436",22,38093252
"snp_58437",22,38093972
"snp_58438",22,38094408
"snp_58439",22,38094770
"snp_58440",22,38095151
"snp_58441",22,38095180
"snp_58442",22,38096053
"snp_58443",22,38096152
"snp_58444",22,38096178
"snp_58445",22,38096334
"snp_58446",22,38096409
"snp_58447",22,38096470
"snp_58448",22,38096476
"snp_58449",22,38096697
"snp_58450",22,38096759
"snp_58451",22,38097359
"snp_58643",22,38199470
"snp_58644",22,38199950
"snp_58645",22,38200124
"snp_58646",22,38202399
"snp_58647",22,38202552
"snp_58648",22,38202734
"snp_58649",22,38203789
"snp_58650",22,38203796
"snp_58651",22,38204089
"snp_58652",22,38204259
"snp_58653",22,38204540
"snp_58654",22,38204640
"snp_58655",22,38204763
"snp_58656",22,38205060
"snp_58657",22,38205784
"snp_58658",22,38205894
"snp_58659",22,38205989
"snp_58660",22,38206839
"snp_58661",22,38207419
"snp_58662",22,38207556
"snp_58663",22,38208260
"snp_60218",22,39059404
"snp_60219",22,39059649
"snp_60220",22,39059919
"snp_60221",22,39060473
"snp_60222",22,39060917
"snp_60223",22,39061030
"snp_60224",22,39061901
"snp_60225",22,39062118
"snp_60226",22,39062194
"snp_60227",22,39062240
"snp_60228",22,39063011
"snp_60229",22,39063015
"snp_60230",22,39064209
"snp_60231",22,39064230
"snp_60232",22,39064378
"snp_60233",22,39064406
"snp_60234",22,39064667
"snp_60235",22,39064672
"snp_60236",22,39064681
"snp_60237",22,39064806
"snp_60238",22,39064966
"snp_60239",22,39065172
"snp_60240",22,39065582
"snp_60241",22,39065739
"snp_60242",22,39065743
"snp_60243",22,39066001
"snp_60244",22,39066210
"snp_60245",22,39066820
"snp_60246",22,39066851
"snp_60247",22,39067331
"snp_60248",22,39067524
"snp_60360",22,39130843
"snp_60361",22,39130964
"snp_60362",22,39130971
"snp_60364",22,39131727
"snp_60366",22,39132601
"snp_60367",22,39132748
"snp_60368",22,39133410
"snp_60369",22,39133589
"snp_60370",22,39133659
"snp_60371",22,39133803
"snp_60372",22,39134207
"snp_60373",22,39134715
"snp_60375",22,39137834
"snp_60376",22,39139216
"snp_60377",22,39139343
"snp_60494",22,39209958
"snp_60495",22,39210006
"snp_60496",22,39210106
"snp_60497",22,39210816
"snp_60498",22,39210829
"snp_60499",22,39211565
"snp_60500",22,39211631
"snp_60501",22,39211773
"snp_60502",22,39211789
"snp_60503",22,39212470
"snp_60504",22,39213196
"snp_60505",22,39213489
"snp_60506",22,39213517
"snp_60507",22,39214146
"snp_60508",22,39214774
"snp_60509",22,39216301
"snp_60510",22,39216667
"snp_60511",22,39218001
"snp_60595",22,39253421
"snp_60596",22,39253481
"snp_60597",22,39254437
"snp_60598",22,39254556
"snp_60599",22,39254841
"snp_60600",22,39255172
"snp_60601",22,39255561
"snp_60602",22,39255591
"snp_60603",22,39255720
"snp_60604",22,39255893
"snp_60605",22,39256106
"snp_60606",22,39257397
"snp_60607",22,39258078
"snp_60608",22,39258624
"snp_60609",22,39258795
"snp_60610",22,39259146
"snp_60611",22,39259254
"snp_60612",22,39259461
"snp_60613",22,39260001
"snp_60614",22,39260032
"snp_60615",22,39261135
"snp_60616",22,39261686
"snp_62019",22,39705104
"snp_62020",22,39706360
"snp_62021",22,39707549
"snp_62022",22,39707845
"snp_62023",22,39707979
"snp_62024",22,39708017
"snp_62025",22,39708279
"snp_62026",22,39708333
"snp_62027",22,39708357
"snp_62028",22,39708799
"snp_62029",22,39709009
"snp_62030",22,39709605
"snp_62031",22,39709776
"snp_62032",22,39711351
"snp_62033",22,39712011
"snp_62034",22,39712314
"snp_62035",22,39712334
"snp_62036",22,39712368
"snp_62037",22,39712394
"snp_62038",22,39712936
"snp_62039",22,39712981
"snp_62040",22,39713105
"snp_62041",22,39713128
"snp_63011",22,40268817
"snp_63660",22,40738486
"snp_63661",22,40739116
"snp_63662",22,40739177
"snp_63663",22,40739414
"snp_63664",22,40739786
"snp_63665",22,40740075
"snp_63666",22,40740104
"snp_63667",22,40741344
"snp_63668",22,40741640
"snp_63669",22,40742417
"snp_63670",22,40742831
"snp_63671",22,40742921
"snp_63672",22,40742989
"snp_63674",22,40744053
"snp_63675",22,40745181
"snp_63676",22,40746211
"snp_63677",22,40746212
"snp_64426",22,41216746
"snp_64427",22,41217058
"snp_64428",22,41217310
"snp_64429",22,41217786
"snp_64430",22,41217819
"snp_64431",22,41219687
"snp_64433",22,41223859
"snp_64434",22,41224393
"snp_64903",22,41566595
"snp_64904",22,41566728
"snp_64905",22,41566823
"snp_64906",22,41567535
"snp_64907",22,41567722
"snp_64908",22,41568480
"snp_64909",22,41569043
"snp_64910",22,41569124
"snp_64911",22,41569609
"snp_64912",22,41569887
"snp_64913",22,41570071
"snp_64914",22,41570261
"snp_64915",22,41570631
"snp_64916",22,41570745
"snp_64921",22,41581856
"snp_64922",22,41582922
"snp_64923",22,41583155
"snp_64924",22,41584351
"snp_64925",22,41585381
"snp_64926",22,41585793
"snp_64927",22,41586320
"snp_64928",22,41587556
"snp_64929",22,41589902
"snp_64930",22,41590106
"snp_65061",22,41637119
"snp_65062",22,41637661
"snp_65063",22,41637813
"snp_65064",22,41638177
"snp_65065",22,41638524
"snp_65066",22,41639080
"snp_65067",22,41639122
"snp_65068",22,41639166
"snp_65069",22,41639338
"snp_65070",22,41639644
"snp_65071",22,41639728
"snp_65072",22,41640098
"snp_65073",22,41640209
"snp_65074",22,41640297
"snp_65075",22,41640481
"snp_65076",22,41640659
"snp_65077",22,41640850
"snp_65078",22,41641570
"snp_65079",22,41641984
"snp_65080",22,41642212
"snp_65082",22,41644074
"snp_65083",22,41644234
"snp_65084",22,41644428
"snp_65085",22,41645085
"snp_65086",22,41645757
"snp_65178",22,41694721
"snp_65181",22,41697338
"snp_65182",22,41698542
"snp_65183",22,41699206
"snp_65184",22,41700030
"snp_65185",22,41700203
"snp_65186",22,41700361
"snp_65187",22,41700657
"snp_65188",22,41701064
"snp_65189",22,41701125
"snp_65190",22,41701341
"snp_65269",22,41759375
"snp_65270",22,41759987
"snp_65272",22,41760172
"snp_65273",22,41761052
"snp_65274",22,41761218
"snp_65275",22,41761290
"snp_65276",22,41762523
"snp_65277",22,41762870
"snp_65278",22,41762973
"snp_65279",22,41763816
"snp_65281",22,41766722
"snp_65282",22,41767135
"snp_65283",22,41767486
"snp_66174",22,42224713
"snp_66175",22,42225018
"snp_66176",22,42225917
"snp_66177",22,42226395
"snp_66178",22,42226410
"snp_66179",22,42226823
"snp_66180",22,42226892
"snp_66181",22,42226950
"snp_66182",22,42226966
"snp_66183",22,42227039
"snp_66184",22,42227100
"snp_66185",22,42229562
"snp_66186",22,42231376
"snp_66187",22,42232291
"snp_66188",22,42232577
"snp_66189",22,42232588
"snp_66190",22,42233050
"snp_66191",22,42233556
"snp_66192",22,42233595
"snp_66739",22,42471738
"snp_66740",22,42471774
"snp_66741",22,42472237
"snp_66742",22,42473603
"snp_66743",22,42473860
"snp_66744",22,42474138
"snp_66746",22,42475568
"snp_66747",22,42475703
"snp_66749",22,42476754
"snp_66750",22,42477650
"snp_69325",22,43410235
"snp_69326",22,43410328
"snp_69327",22,43410330
"snp_69328",22,43410333
"snp_69329",22,43410384
"snp_69330",22,43410386
"snp_69331",22,43410447
"snp_69332",22,43410745
"snp_69333",22,43410998
"snp_69334",22,43411389
"snp_69335",22,43411887
"snp_69336",22,43412376
"snp_69337",22,43412527
"snp_69338",22,43412640
"snp_69339",22,43412694
"snp_69341",22,43414330
"snp_69342",22,43415060
"snp_69343",22,43415116
"snp_69344",22,43415148
"snp_69345",22,43415418
"snp_69346",22,43415581
"snp_69347",22,43415711
"snp_69348",22,43416866
"snp_69349",22,43417007
"snp_69350",22,43417799
"snp_69351",22,43418057
"snp_69352",22,43418059
"snp_71585",22,44204149
"snp_71586",22,44204319
"snp_71587",22,44205335
"snp_71588",22,44205865
"snp_71589",22,44205880
"snp_71590",22,44208612
"snp_71591",22,44209068
"snp_71592",22,44209125
"snp_71593",22,44209164
"snp_71594",22,44209288
"snp_71595",22,44210898
"snp_71596",22,44211018
"snp_71597",22,44211061
"snp_71598",22,44211659
"snp_71599",22,44212038
"snp_71600",22,44212454
"snp_71601",22,44212527
"snp_71602",22,44212543
"snp_71603",22,44212766
"snp_71950",22,44315233
"snp_71951",22,44315863
"snp_71952",22,44316389
"snp_71953",22,44316700
"snp_71954",22,44317084
"snp_71955",22,44317416
"snp_71957",22,44322922
"snp_71958",22,44322970
"snp_71959",22,44323074
"snp_71960",22,44323219
"snp_71961",22,44323597
"snp_71962",22,44323955
"snp_71963",22,44323965
"snp_71964",22,44324104
"snp_77078",22,45583740
"snp_77079",22,45583803
"snp_77080",22,45583898
"snp_77081",22,45583912
"snp_77082",22,45583935
"snp_77084",22,45584396
"snp_77085",22,45584586
"snp_77087",22,45584843
"snp_77088",22,45584930
"snp_77089",22,45585032
"snp_77094",22,45587047
"snp_77095",22,45587058
"snp_77096",22,45587269
"snp_77097",22,45587745
"snp_77098",22,45587746
"snp_77099",22,45588248
"snp_77100",22,45588377
"snp_77101",22,45588531
"snp_77102",22,45588604
"snp_77103",22,45589490
"snp_77104",22,45589703
"snp_77105",22,45589817
"snp_77106",22,45590117
"snp_77107",22,45590861
"snp_77110",22,45592580
"snp_79564",22,46440984
"snp_79565",22,46441005
"snp_79566",22,46441835
"snp_79567",22,46441910
"snp_79568",22,46441980
"snp_79569",22,46442288
"snp_79570",22,46443040
"snp_79571",22,46443129
"snp_79572",22,46443147
"snp_79573",22,46443789
"snp_79574",22,46443835
"snp_79575",22,46444452
"snp_79576",22,46444678
"snp_79577",22,46444857
"snp_79578",22,46445002
"snp_79579",22,46445115
"snp_79580",22,46445471
"snp_79581",22,46445500
"snp_79582",22,46446563
"snp_79583",22,46446754
"snp_79584",22,46446758
"snp_79585",22,46447097
"snp_79586",22,46447132
"snp_79587",22,46447714
"snp_79588",22,46448476
"snp_79589",22,46448819
"snp_80073",22,46659365
"snp_80074",22,46659580
"snp_80075",22,46659925
"snp_80076",22,46659942
"snp_80077",22,46660311
"snp_80078",22,46660321
"snp_80079",22,46660367
"snp_80080",22,46660416
"snp_80081",22,46660668
"snp_80082",22,46661553
"snp_80083",22,46661859
"snp_80084",22,46661986
"snp_80085",22,46662092
"snp_80086",22,46662151
"snp_80087",22,46662190
"snp_80088",22,46662239
"snp_80089",22,46662497
"snp_80090",22,46662527
"snp_80091",22,46663017
"snp_80092",22,46663094
"snp_80093",22,46663287
"snp_80094",22,46663322
"snp_80095",22,46663678
"snp_80096",22,46664431
"snp_80097",22,46664638
"snp_80098",22,46664741
"snp_80099",22,46664855
"snp_80101",22,46665006
"snp_80102",22,46665670
"snp_80103",22,46666161
"snp_80104",22,46666575
"snp_80105",22,46667037
"snp_80106",22,46667653
"snp_80107",22,46668079
"snp_80108",22,46668352
"snp_81108",22,46967617
"snp_81109",22,46967630
"snp_81110",22,46967634
"snp_81111",22,46967883
"snp_81112",22,46968056
"snp_81113",22,46968193
"snp_81114",22,46968286
"snp_81115",22,46968389
"snp_81116",22,46969137
"snp_81117",22,46969552
"snp_81119",22,46970464
"snp_81120",22,46970552
"snp_81121",22,46970560
"snp_81122",22,46971294
"snp_81123",22,46971620
"snp_81124",22,46971863
"snp_81125",22,46971907
"snp_81126",22,46972080
"snp_81127",22,46972152
"snp_81128",22,46972349
"snp_81129",22,46972832
"snp_81130",22,46972836
"snp_81131",22,46973214
"snp_81132",22,46973275
"snp_81133",22,46973347
"snp_81134",22,46973892
"snp_81135",22,46974203
"snp_81136",22,46974717
"snp_81137",22,46975644
"snp_81138",22,46975741
"snp_81863",22,47153559
"snp_81864",22,47153760
"snp_81865",22,47156703
"snp_81866",22,47157139
"snp_81867",22,47157221
"snp_81868",22,47157612
"snp_81869",22,47158179
"snp_81870",22,47158444
"snp_81871",22,47158476
"snp_81872",22,47159028
"snp_81873",22,47159257
"snp_81874",22,47161507
"snp_81875",22,47161519
"snp_81876",22,47161902
"snp_81877",22,47162055
"snp_94989",22,50493472
"snp_94990",22,50495656
"snp_94992",22,50496179
"snp_94993",22,50496910
"snp_94994",22,50497361
"snp_94995",22,50497419
"snp_94996",22,50497603
"snp_94997",22,50497694
"snp_94998",22,50498176
"snp_94999",22,50498248
"snp_95000",22,50498389
"snp_95001",22,50498885
"snp_95002",22,50499021
"snp_95003",22,50499075
"snp_95004",22,50499164
"snp_95005",22,50499165
"snp_95006",22,50499169
"snp_95007",22,50499239
"snp_95008",22,50499964
"snp_95009",22,50499967
"snp_95010",22,50500263
"snp_95011",22,50500527
"snp_95012",22,50500554
"snp_95013",22,50500600
"snp_95014",22,50500673
"snp_95015",22,50500696
"snp_95016",22,50500703
"snp_95017",22,50500708
"snp_95018",22,50501059
"snp_95019",22,50501137
"snp_95020",22,50501281
"snp_95021",22,50501485
"snp_95022",22,50501544
"snp_95023",22,50501586
"snp_95024",22,50501630
"snp_95025",22,50501685
"snp_95026",22,50501834
"snp_95027",22,50501887
"snp_95028",22,50501888
"snp_95029",22,50501957
"snp_95030",22,50502135
"snp_95031",22,50502265
"snp_95784",22,50698157
"snp_95785",22,50698337
"snp_95786",22,50698731
"snp_95787",22,50699331
"snp_95788",22,50699404
"snp_95789",22,50699487
"snp_95790",22,50699668
"snp_95791",22,50700083
"snp_95792",22,50700347
"snp_95793",22,50700723
"snp_95794",22,50701220
"snp_95795",22,50704267
"snp_95796",22,50704661
"snp_95797",22,50705059
"snp_95798",22,50705304
"snp_95799",22,50706381
"snp_95800",22,50706546
"snp_95929",22,50748930
"snp_95930",22,50748943
"snp_95931",22,50749153
"snp_95932",22,50749197
"snp_95933",22,50749241
"snp_95934",22,50749352
"snp_95935",22,50750218
"snp_95936",22,50750879
"snp_95937",22,50751529
"snp_95938",22,50751678
"snp_95939",22,50752150
"snp_95940",22,50752169
"snp_95941",22,50752769
"snp_95942",22,50753334
"snp_95943",22,50753676
"snp_95944",22,50753973
"snp_95945",22,50754363
"snp_95946",22,50754466
"snp_95947",22,50754512
"snp_95948",22,50754772
"snp_95949",22,50755527
"snp_95950",22,50755552
"snp_95951",22,50755907
"snp_95952",22,50756048
"snp_95953",22,50756452
"snp_95954",22,50757112
"snp_95955",22,50757348
"snp_95956",22,50757470
"snp_95957",22,50757541
"snp_96394",22,50916583
"snp_96395",22,50916719
"snp_96396",22,50917316
"snp_96397",22,50917465
"snp_96398",22,50917475
"snp_96399",22,50917986
"snp_96400",22,50918406
"snp_96402",22,50919182
"snp_96403",22,50921694
"snp_96404",22,50923042
"snp_96405",22,50923390
"snp_96406",22,50923408
"snp_96407",22,50923868
"snp_96520",22,50957520
"snp_96521",22,50958392
"snp_96522",22,50959052
"snp_96523",22,50959608
"snp_96525",22,50960101
"snp_96526",22,50960682
"snp_96527",22,50961169
"snp_96528",22,50961854
"snp_96529",22,50962208
"snp_96530",22,50962782
"snp_96531",22,50963357
"snp_96532",22,50963540
"snp_96534",22,50963905
"snp_96535",22,50963965
"snp_96536",22,50964153
"snp_96537",22,50964236
"snp_96538",22,50964446
"snp_96539",22,50964862
"snp_96540",22,50966545
"snp_96541",22,50966634
"snp_96542",22,50966914
"snp_96545",22,50971047
"snp_96546",22,50971266
"snp_96547",22,50971509
"snp_96548",22,50971706
"snp_96549",22,50971752
"snp_96550",22,50971795
"snp_96551",22,50971854
"snp_96552",22,50972541
"snp_96728",22,51002960
"snp_96729",22,51003836
"snp_96730",22,51004053
"snp_96731",22,51004104
"snp_96732",22,51004170
"snp_96733",22,51004348
"snp_96734",22,51004371
"snp_96735",22,51004421
"snp_96736",22,51004876
"snp_96738",22,51005160
"snp_96739",22,51005659
"snp_96740",22,51006716
"snp_96741",22,51006988
"snp_96742",22,51007452
"snp_96743",22,51007488
"snp_96744",22,51008452
"snp_96745",22,51008850
"snp_96746",22,51008925
"snp_96747",22,51009212
"snp_96748",22,51009953
"snp_96749",22,51010062
"snp_96750",22,51010112
"snp_96751",22,51010416
"snp_96752",22,51010788
"snp_96753",22,51010838
"snp_96754",22,51010939
"snp_96755",22,51011077
"snp_96756",22,51011115
"snp_96757",22,51011241
"snp_96758",22,51011376
"snp_97230",22,51190878
"snp_97231",22,51191334
"snp_97232",22,51192137
"snp_97233",22,51192518
"snp_97234",22,51192586
"snp_97235",22,51193227
"snp_97236",22,51193629
"snp_97237",22,51194265
"snp_97238",22,51194639
"snp_97239",22,51194679
"snp_97240",22,51194874
"snp_97241",22,51195061
"snp_97242",22,51195066
"snp_97243",22,51195127
"snp_97244",22,51195130
"snp_97245",22,51195156
"snp_97246",22,51196164
"snp_97247",22,51197266
"snp_97248",22,51197752
"snp_97249",22,51198027
"snp_97250",22,51198232
"snp_97251",22,51198569
"snp_97252",22,51199281
